ONSConstID,A1,A2,A3,Err1
E14000530,0.550561798,0.582306762,0.09406093,0.320388108
E14000531,0.654082267,0.680228227,0.073258503,0.299317406
E14000532,0.510191324,0.384687096,0.064374528,0.339943414
E14000533,0.565475541,0.653392145,0.077478011,0.277247614
E14000534,0.62355616,0.506853836,0.057347302,0.358353394
E14000535,0.416938371,0.7057585,0.082098632,0.253818684
E14000536,0.589822809,0.596788819,0.078156543,0.309063504
E14000537,0.319563523,0.635452015,0.089374917,0.187268804
E14000538,0.549699743,0.521016134,0.075610727,0.332891832
E14000539,0.542347552,0.505358953,0.076063361,0.324744898
E14000540,0.224648168,0.603300234,0.096310286,0.128221022
E14000541,0.241410188,0.683781588,0.08608862,0.224736606
E14000542,0.269692957,0.707779414,0.083453126,0.235812559
E14000543,0.470329901,0.567874112,0.077758764,0.210954811
E14000544,0.609577452,0.669165671,0.077904267,0.26098813
E14000545,0.527340958,0.53641913,0.080456684,0.312416077
E14000546,0.432822967,0.683248597,0.077980502,0.274696057
E14000547,0.357824254,0.316927941,0.186756547,0.203527851
E14000548,0.388304202,0.603524543,0.08697949,0.246241766
E14000549,0.415489121,0.230375568,0.090226691,0.080759304
E14000550,0.652513029,0.492974233,0.064233753,0.375173508
E14000551,0.59329847,0.474880875,0.070611762,0.260945375
E14000552,0.452207096,0.536787168,0.100666891,0.224646858
E14000553,0.129543241,0.270040119,0.148211378,0.043155545
E14000554,0.524613854,0.555517331,0.068028738,0.274130007
E14000555,0.126636022,0.309319051,0.168462956,0.038011937
E14000556,0.584115173,0.587896089,0.068312147,0.302568162
E14000557,0.619686575,0.576764398,0.060222185,0.28955572
E14000558,0.55573259,0.650495758,0.086581368,0.237102242
E14000559,0.18422921,0.518346334,0.091006328,0.165604936
E14000560,0.394547372,0.431658412,0.151281998,0.193306303
E14000561,0.38385684,0.575227697,0.097281597,0.149556184
E14000562,0.150966673,0.432665879,0.104664205,0.185455101
E14000563,0.141828685,0.575881462,0.10416016,0.141351974
E14000564,0.131987314,0.410829065,0.188076689,0.075793751
E14000565,0.426828718,0.575496397,0.090759401,0.191982781
E14000566,0.265312125,0.541858041,0.113988234,0.182744601
E14000567,0.319056854,0.436370308,0.185457446,0.195306991
E14000568,0.198283223,0.61292229,0.093621765,0.177962217
E14000569,0.469166609,0.606224144,0.081337572,0.239259563
E14000570,0.268967694,0.564311221,0.094166682,0.181370109
E14000571,0.215815322,0.513329092,0.103770518,0.101776811
E14000572,0.493940059,0.668536538,0.074960128,0.190812628
E14000573,0.430807084,0.678039136,0.089225506,0.159817102
E14000574,0.280800266,0.563187563,0.073413305,0.230396203
E14000575,0.373146623,0.598803579,0.081266581,0.239756997
E14000576,0.589577816,0.642237761,0.081039895,0.25103553
E14000577,0.405533223,0.702722126,0.078826755,0.264383829
E14000578,0.422127791,0.577672352,0.093464025,0.217128427
E14000579,0.296529074,0.634216819,0.097280509,0.187246377
E14000580,0.479080973,0.555387153,0.077769432,0.291227983
E14000581,0.120486001,0.54876439,0.096161464,0.148429061
E14000582,0.635998974,0.749607781,0.077858857,0.239115048
E14000583,0.567298106,0.607973039,0.070979427,0.331406279
E14000584,0.518758485,0.535071303,0.098226173,0.233931648
E14000585,0.535016964,0.578992607,0.152705925,0.228379705
E14000586,0.588313175,0.53251042,0.07897071,0.359454126
E14000587,0.203651747,0.5785857,0.098154982,0.167672103
E14000588,0.381592731,0.626779974,0.088542026,0.19804988
E14000589,0.165656299,0.49395092,0.132327184,0.16400184
E14000590,0.62823453,0.614274471,0.075357727,0.33435454
E14000591,0.195253939,0.429245549,0.102722682,0.10237587
E14000592,0.326606902,0.430923583,0.104728993,0.201384303
E14000593,0.376154083,0.395085327,0.090186378,0.160131551
E14000594,0.657928558,0.608936703,0.0701292,0.320415243
E14000595,0.551100966,0.621904646,0.07749178,0.286348115
E14000596,0.604101471,0.662050789,0.07283233,0.297283375
E14000597,0.382770744,0.434299378,0.137866262,0.174391946
E14000598,0.192105674,0.256776314,0.184558802,0.150339801
E14000599,0.343569755,0.488165782,0.100159383,0.228859354
E14000600,0.418496747,0.407192903,0.106667063,0.253397148
E14000601,0.306700747,0.497144226,0.094621152,0.197534329
E14000602,0.137931516,0.204051993,0.221489751,0.163120699
E14000603,0.5789784,0.540607715,0.063390343,0.350558521
E14000604,0.539518238,0.491202346,0.072614038,0.229643233
E14000605,0.619781643,0.553651279,0.071350001,0.370044398
E14000606,0.621564705,0.658179306,0.08283227,0.302030138
E14000607,0.468094689,0.524148449,0.084710069,0.275650993
E14000608,0.758119934,0.486547127,0.064064043,0.406075428
E14000609,0.309729461,0.66612799,0.089628872,0.197949401
E14000610,0.579751958,0.646241364,0.08559247,0.266677598
E14000611,0.444815565,0.536593443,0.080786076,0.27562135
E14000612,0.415767798,0.545260288,0.081141023,0.251803961
E14000613,0.591924067,0.537385161,0.078317704,0.31636485
E14000614,0.46146691,0.517435139,0.071677626,0.272701482
E14000615,0.128004598,0.301969148,0.105904525,0.055842197
E14000616,0.474678058,0.579105962,0.087082729,0.283501312
E14000617,0.163281725,0.264754566,0.203425135,0.156641257
E14000618,0.549757687,0.688603531,0.084812542,0.298076923
E14000619,0.446919014,0.453403973,0.193109444,0.247480845
E14000620,0.498699368,0.604879993,0.093743821,0.210719323
E14000621,0.383228578,0.563024245,0.081429261,0.233837582
E14000622,0.672690673,0.726993924,0.077115361,0.304034029
E14000623,0.54073024,0.511788721,0.061376875,0.335609396
E14000624,0.601372868,0.544885551,0.065265073,0.345581738
E14000625,0.6038495,0.582944905,0.07445012,0.34057377
E14000626,0.569993317,0.64748516,0.092834161,0.287399163
E14000627,0.445851352,0.419059151,0.067839996,0.355570345
E14000628,0.536844882,0.505457255,0.084857338,0.284453297
E14000629,0.526466958,0.292140209,0.096814479,0.09408992
E14000630,0.466831544,0.427824177,0.111836898,0.250948263
E14000631,0.606566278,0.44984984,0.058768284,0.385048449
E14000632,0.347632858,0.593187532,0.079444063,0.232735118
E14000633,0.601355185,0.506428814,0.082041505,0.302725248
E14000634,0.49138647,0.492096412,0.085877321,0.229748051
E14000635,0.54719986,0.523260983,0.070721226,0.321321619
E14000636,0.463327499,0.409297293,0.077241835,0.240172212
E14000637,0.417604343,0.565742818,0.077803059,0.320908217
E14000638,0.695777541,0.598748444,0.059488492,0.298568127
E14000639,0.465799141,0.286318407,0.119354545,0.056429983
E14000640,0.404937878,0.427130406,0.113823324,0.258468893
E14000641,0.298154126,0.44350085,0.174474172,0.241929139
E14000642,0.612323026,0.710765738,0.069248703,0.205300201
E14000643,0.571043391,0.684105982,0.077324159,0.265244877
E14000644,0.458772995,0.5106418,0.119022189,0.232144035
E14000645,0.461817279,0.498245959,0.075869269,0.270751201
E14000646,0.566057868,0.526540939,0.065713354,0.354337255
E14000647,0.490646912,0.598460481,0.074285149,0.263750393
E14000648,0.492257946,0.60114346,0.07782087,0.292951933
E14000649,0.299281844,0.59225867,0.103953453,0.177231243
E14000650,0.367389516,0.586734704,0.111309382,0.223051022
E14000651,0.381352507,0.48901178,0.193413338,0.212460102
E14000652,0.505758558,0.584136714,0.085705977,0.255037798
E14000653,0.470314573,0.5900216,0.094657456,0.271460079
E14000654,0.424252509,0.48968303,0.09187045,0.160819025
E14000655,0.198715261,0.426225132,0.09477816,0.122326679
E14000656,0.544166381,0.458691163,0.078834048,0.263017864
E14000657,0.399319416,0.699260159,0.094044471,0.183832888
E14000658,0.432893768,0.580684674,0.082774539,0.199140893
E14000659,0.575575391,0.640358001,0.084786822,0.275996799
E14000660,0.63711981,0.587585411,0.06954715,0.368157256
E14000661,0.279906058,0.619180048,0.087088731,0.214966811
E14000662,0.443930802,0.537381664,0.134166642,0.229048278
E14000663,0.335099104,0.616110001,0.10214251,0.185175827
E14000664,0.600028242,0.512857412,0.061215411,0.338205452
E14000665,0.627438578,0.514643908,0.093375108,0.337481176
E14000666,0.45084446,0.572684472,0.093937962,0.270187995
E14000667,0.417108811,0.685595984,0.08527116,0.259012115
E14000668,0.343622164,0.663199758,0.09077656,0.207721869
E14000669,0.276210059,0.720605085,0.088192781,0.221712021
E14000670,0.523630836,0.631298699,0.076746568,0.237837198
E14000671,0.464353637,0.692254802,0.085695289,0.244484684
E14000672,0.564480703,0.701597344,0.084973885,0.262778348
E14000673,0.194859555,0.220525412,0.08163413,0.089311859
E14000674,0.347475697,0.282278614,0.089885194,0.133676618
E14000675,0.284522812,0.488063709,0.087642527,0.187119652
E14000676,0.213312659,0.442744511,0.103408128,0.16848535
E14000677,0.227147729,0.665730998,0.09110899,0.201729826
E14000678,0.485343314,0.504568879,0.066211844,0.290148221
E14000679,0.127858316,0.469154263,0.131491838,0.097350518
E14000680,0.636424343,0.487294201,0.068292017,0.358742319
E14000681,0.596422479,0.541918437,0.070911929,0.341493903
E14000682,0.489259559,0.536743486,0.071117637,0.258553952
E14000683,0.58273408,0.633133693,0.06401865,0.263533963
E14000684,0.44087426,0.57624998,0.084883764,0.209200709
E14000685,0.504347067,0.540191845,0.082861906,0.339802685
E14000686,0.568834155,0.522328216,0.069564303,0.358830146
E14000687,0.231375063,0.482108552,0.10041139,0.142557703
E14000688,0.368028426,0.577668351,0.08016062,0.295263355
E14000689,0.543347553,0.563593444,0.065276091,0.32367401
E14000690,0.408016466,0.52779656,0.10089239,0.181501505
E14000691,0.369195923,0.478841324,0.088449633,0.194128906
E14000692,0.426957457,0.373768999,0.09316515,0.216611226
E14000693,0.619586837,0.610737674,0.077079214,0.284445674
E14000694,0.595839098,0.479621735,0.073773717,0.335038857
E14000695,0.521062253,0.633037158,0.086379585,0.253041718
E14000696,0.350193415,0.543272896,0.09755699,0.155265624
E14000697,0.586059958,0.416252362,0.058574912,0.341717974
E14000698,0.328726341,0.447064016,0.181541161,0.196833713
E14000699,0.629932999,0.554141921,0.075412291,0.351583309
E14000700,0.61086655,0.582225593,0.072787811,0.326864093
E14000701,0.317932374,0.594321961,0.10188914,0.200963053
E14000702,0.499763323,0.479785958,0.103064187,0.317203877
E14000703,0.469580987,0.309197484,0.082987862,0.187156947
E14000704,0.546870488,0.618355223,0.07951498,0.251088299
E14000705,0.542739583,0.58066257,0.075608992,0.335378437
E14000706,0.588245421,0.56557081,0.066423322,0.281726024
E14000707,0.618181818,0.620327016,0.068895213,0.31792859
E14000708,0.176562909,0.478778455,0.089879935,0.187442874
E14000709,0.239317863,0.560469318,0.097591687,0.134224574
E14000710,0.428369645,0.561979212,0.078047832,0.252345728
E14000711,0.554370959,0.640390193,0.104431853,0.26535038
E14000712,0.50319025,0.586132618,0.095625736,0.262466626
E14000713,0.619369051,0.619747154,0.080197313,0.252526471
E14000714,0.620041348,0.610124869,0.070274257,0.300771323
E14000715,0.555891177,0.65377208,0.088261895,0.261284658
E14000716,0.421722361,0.701935325,0.10221774,0.169998964
E14000717,0.541408055,0.715049473,0.084511241,0.212124813
E14000718,0.254227394,0.346908872,0.11102035,0.082833599
E14000719,0.545767353,0.411779251,0.129279582,0.317908174
E14000720,0.126576433,0.209495584,0.102682058,0.043377561
E14000721,0.109170069,0.221796833,0.117901788,0.037818769
E14000722,0.518533541,0.663447273,0.084116859,0.25155271
E14000723,0.416998094,0.604224313,0.0870173,0.19914482
E14000724,0.609545101,0.554973644,0.076887448,0.350021673
E14000725,0.216284987,0.57823473,0.091604821,0.232928475
E14000726,0.281788257,0.310387782,0.116072939,0.056270189
E14000727,0.323659835,0.234826777,0.080076006,0.079275295
E14000728,0.52319525,0.522466369,0.088861735,0.322126032
E14000729,0.540293449,0.680185281,0.080639736,0.263722414
E14000730,0.554758548,0.472193662,0.068298893,0.291197927
E14000731,0.494227554,0.504755595,0.094775494,0.269756709
E14000732,0.344077053,0.413876491,0.091585465,0.208785585
E14000733,0.342273216,0.695683297,0.091341766,0.18949399
E14000734,0.585068732,0.610746274,0.09206976,0.303923626
E14000735,0.468684951,0.562282331,0.084531042,0.200430116
E14000736,0.597573088,0.624505809,0.079945578,0.269524836
E14000737,0.286201414,0.594054459,0.104146804,0.217096119
E14000738,0.454250884,0.514243857,0.070541725,0.302275793
E14000739,0.549615546,0.551688043,0.082213072,0.302474838
E14000740,0.338803761,0.674975508,0.081744363,0.247413686
E14000741,0.480283443,0.419350886,0.102144501,0.207383327
E14000742,0.591061139,0.430718163,0.062476997,0.377751172
E14000743,0.534902147,0.601516969,0.080539942,0.273537658
E14000744,0.603147086,0.49213024,0.068409067,0.326966597
E14000745,0.611027118,0.508365256,0.079605322,0.306149128
E14000746,0.540758048,0.453883671,0.065730101,0.327026861
E14000747,0.380246666,0.621514934,0.089187056,0.223335337
E14000748,0.453660892,0.505480277,0.080733178,0.286807374
E14000749,0.530578569,0.392106281,0.060889295,0.345366791
E14000750,0.183636456,0.27421208,0.166003155,0.045327814
E14000751,0.602194665,0.694528066,0.084203566,0.248095936
E14000752,0.148427592,0.184812285,0.081470932,0.105493263
E14000753,0.595382903,0.4866966,0.066099603,0.353627984
E14000754,0.29710704,0.647132153,0.084273925,0.205739249
E14000755,0.315733732,0.339214697,0.077902419,0.167737036
E14000756,0.329994981,0.510812505,0.126773422,0.192286801
E14000757,0.551155392,0.532747146,0.081951644,0.325001079
E14000758,0.404959958,0.657517922,0.086459662,0.224019358
E14000759,0.395723541,0.525668987,0.086656464,0.233765548
E14000760,0.209462858,0.438741455,0.104300378,0.180134439
E14000761,0.457422684,0.565676598,0.100465125,0.206033553
E14000762,0.512761987,0.619463341,0.070531226,0.23501678
E14000763,0.125091028,0.235002122,0.104466072,0.043536244
E14000764,0.20655997,0.261369942,0.1465964,0.040156376
E14000765,0.250029054,0.616159689,0.083413404,0.186188788
E14000766,0.460552268,0.534889263,0.075882656,0.252431821
E14000767,0.608074667,0.465989048,0.077493155,0.37981737
E14000768,0.421775215,0.313504435,0.095188936,0.074348792
E14000769,0.579224354,0.609883689,0.07512169,0.302360142
E14000770,0.380938596,0.415941469,0.116794631,0.213291272
E14000771,0.299115672,0.726331543,0.098393465,0.15404217
E14000772,0.252222402,0.599743353,0.165905519,0.148736023
E14000773,0.298481123,0.678446033,0.099331412,0.144338785
E14000774,0.548901336,0.56835363,0.0792178,0.327414261
E14000775,0.092586919,0.524393861,0.096410355,0.165525114
E14000776,0.406205832,0.509139906,0.186635892,0.217346909
E14000777,0.204623162,0.474258377,0.234133823,0.086036918
E14000778,0.30588065,0.609085115,0.091596185,0.14947315
E14000779,0.310288873,0.373261813,0.080521606,0.250676331
E14000780,0.196534664,0.35397489,0.255832378,0.257793978
E14000781,0.261621161,0.549770289,0.127718035,0.159549906
E14000782,0.242026553,0.531644199,0.095973093,0.195123869
E14000783,0.215689768,0.425820239,0.197607451,0.156547687
E14000784,0.313579655,0.516656347,0.129969029,0.157527466
E14000785,0.35825831,0.634528829,0.083691758,0.261821757
E14000786,0.494906997,0.469681005,0.065153302,0.261652734
E14000787,0.230058685,0.354481551,0.085621196,0.118450167
E14000788,0.230261674,0.344683806,0.079212778,0.107910594
E14000789,0.137211497,0.246692965,0.121805951,0.067247768
E14000790,0.208498473,0.350055049,0.108510985,0.116907991
E14000791,0.635565354,0.575743913,0.066344034,0.350872198
E14000792,0.447370582,0.573115101,0.158613426,0.208405373
E14000793,0.096876302,0.268888971,0.273407588,0.09653167
E14000794,0.085882883,0.538036006,0.102627454,0.099339685
E14000795,0.12032539,0.358495654,0.138129638,0.146341463
E14000796,0.09881983,0.502827116,0.093817997,0.154188096
E14000797,0.499039669,0.496691347,0.178751122,0.280141753
E14000798,0.63923367,0.694253371,0.066873097,0.272523511
E14000799,0.629037422,0.585841854,0.064532095,0.324758842
E14000800,0.330337609,0.582116142,0.086197661,0.252971655
E14000801,0.322524007,0.554446273,0.125757851,0.203085905
E14000802,0.52654354,0.481571306,0.065949736,0.327592525
E14000803,0.647641615,0.454133552,0.063024467,0.373562514
E14000804,0.563760466,0.558683046,0.079102031,0.306851046
E14000805,0.313276373,0.650009038,0.081770229,0.284039852
E14000806,0.679474921,0.613139427,0.070565447,0.358545554
E14000807,0.141693484,0.366587346,0.244189509,0.074072763
E14000808,0.073009379,0.379048112,0.203259051,0.114243176
E14000809,0.103167792,0.263073428,0.180320929,0.206506054
E14000810,0.466375581,0.708629135,0.086659774,0.24886485
E14000811,0.657366401,0.529288912,0.0695837,0.374700514
E14000812,0.619896419,0.580859496,0.082766997,0.292717553
E14000813,0.616680921,0.522609586,0.073351245,0.379386784
E14000814,0.585912529,0.525330997,0.068062454,0.328366492
E14000815,0.592386123,0.57927011,0.070253611,0.340870232
E14000816,0.589710426,0.605826907,0.071634615,0.315467222
E14000817,0.56921729,0.466889815,0.066656583,0.322098664
E14000818,0.652888961,0.589437138,0.068964787,0.344532728
E14000819,0.267446755,0.649344265,0.13311671,0.144839932
E14000820,0.49649307,0.650028211,0.080225368,0.254377627
E14000821,0.475048495,0.498002327,0.079155651,0.295499465
E14000822,0.475327978,0.5296085,0.075458775,0.300147964
E14000823,0.24240409,0.491130821,0.09501636,0.152909198
E14000824,0.618622854,0.475853783,0.060147528,0.362625982
E14000825,0.476881968,0.589129428,0.073879771,0.240624039
E14000826,0.507095517,0.597858784,0.074026095,0.287813414
E14000827,0.626134019,0.595424031,0.072672341,0.340043707
E14000828,0.668386161,0.558786158,0.059370393,0.310641999
E14000829,0.626666909,0.557533113,0.071823484,0.312561464
E14000830,0.614619797,0.475103764,0.069205794,0.352255888
E14000831,0.246239284,0.483744978,0.151366698,0.12662465
E14000832,0.21293561,0.411302026,0.287564469,0.134697077
E14000833,0.339214712,0.571474329,0.08419605,0.205964538
E14000834,0.481136809,0.616673591,0.125043566,0.253084132
E14000835,0.554544222,0.56101102,0.072556273,0.284514801
E14000836,0.300237848,0.708247933,0.088138439,0.223764671
E14000837,0.507125471,0.603202179,0.069013956,0.298752971
E14000838,0.458073782,0.570384794,0.073569133,0.269943251
E14000839,0.649074008,0.564114766,0.069455604,0.35311894
E14000840,0.299833657,0.601344263,0.08016528,0.235418821
E14000841,0.609451884,0.532932601,0.065812532,0.372427691
E14000842,0.644471136,0.694460401,0.077133908,0.288966357
E14000843,0.491921397,0.621731352,0.073079291,0.29629536
E14000844,0.65514429,0.459230385,0.062233971,0.425285231
E14000845,0.586308024,0.513769341,0.067092752,0.329498413
E14000846,0.536461706,0.521168812,0.074417431,0.342984783
E14000847,0.619746099,0.582501619,0.063766936,0.338635618
E14000848,0.416724151,0.582538816,0.062460866,0.277087772
E14000849,0.605082825,0.594574602,0.082518126,0.31605639
E14000850,0.542068587,0.479673916,0.059820102,0.364821467
E14000851,0.535976398,0.574426724,0.078770601,0.298730594
E14000852,0.562090016,0.649697987,0.075012031,0.240618861
E14000853,0.273105681,0.593653326,0.081378256,0.173371729
E14000854,0.569333164,0.677703565,0.07600462,0.298477724
E14000855,0.586473098,0.569533401,0.079449229,0.331203845
E14000856,0.344787274,0.549829276,0.073698151,0.258271545
E14000857,0.620550602,0.545254317,0.07015824,0.346845761
E14000858,0.581853159,0.606984777,0.071703685,0.336740953
E14000859,0.602487144,0.661405022,0.074744544,0.267107046
E14000860,0.603247309,0.503664327,0.067023463,0.374950967
E14000861,0.472163059,0.606855735,0.106726842,0.239906658
E14000862,0.468660135,0.596112425,0.102205843,0.22157701
E14000863,0.477176163,0.573218222,0.084874989,0.228767405
E14000864,0.305983372,0.403606039,0.170363091,0.16200548
E14000865,0.21644163,0.428035476,0.192423113,0.114243606
E14000866,0.310733579,0.654990463,0.098831643,0.128430877
E14000867,0.308566561,0.450235215,0.283522379,0.156264709
E14000868,0.515661971,0.647546321,0.085216169,0.278014073
E14000869,0.614982723,0.631582314,0.089975397,0.262159435
E14000870,0.370920765,0.573084235,0.087538508,0.231063912
E14000871,0.27622958,0.627191046,0.09456615,0.190414639
E14000872,0.629436595,0.559974796,0.070773189,0.28484017
E14000873,0.219571026,0.323125515,0.216602461,0.164021042
E14000874,0.423858714,0.381809531,0.096834458,0.269798689
E14000875,0.490168101,0.631542958,0.0880584,0.222394773
E14000876,0.431538353,0.613481636,0.067334702,0.302145537
E14000877,0.604217775,0.553668616,0.067024915,0.325758
E14000878,0.468033851,0.628817319,0.094953818,0.21269959
E14000879,0.518902614,0.687930955,0.086672931,0.213849182
E14000880,0.399859397,0.50862105,0.194602492,0.164546651
E14000881,0.579498495,0.569432444,0.074536444,0.273554502
E14000882,0.201414629,0.341864289,0.129799216,0.049423738
E14000883,0.547765304,0.662167205,0.087893251,0.229728365
E14000884,0.375532917,0.488858674,0.215848594,0.14557031
E14000885,0.238418968,0.568512832,0.171217556,0.144486498
E14000886,0.473507663,0.48352715,0.074109504,0.288261863
E14000887,0.440973259,0.268514131,0.099179836,0.109110304
E14000888,0.667245088,0.678895093,0.069972882,0.330076498
E14000889,0.422607625,0.382385495,0.14475063,0.243802906
E14000890,0.488950276,0.52676687,0.079909733,0.255186071
E14000891,0.33218985,0.675739185,0.090462381,0.211591705
E14000892,0.523239608,0.61419735,0.081994268,0.306110315
E14000893,0.57402969,0.477943515,0.0680432,0.327567835
E14000894,0.578242754,0.586805144,0.073868502,0.330842907
E14000895,0.639468191,0.54699129,0.093643116,0.31870502
E14000896,0.451413232,0.277038711,0.073121887,0.189514643
E14000897,0.284070018,0.576847501,0.094791522,0.209415242
E14000898,0.543658986,0.631052646,0.101974903,0.287029643
E14000899,0.487068236,0.604552041,0.086608115,0.207162676
E14000900,0.594085376,0.677797444,0.089473794,0.247478469
E14000901,0.571895946,0.458092773,0.13106301,0.341472545
E14000902,0.508393811,0.585913029,0.079925362,0.2767909
E14000903,0.402905755,0.668806443,0.077054795,0.295419039
E14000904,0.264140495,0.68217627,0.092444563,0.196156111
E14000905,0.542932835,0.583676602,0.074066018,0.299419177
E14000906,0.57238395,0.490205247,0.069155747,0.307446469
E14000907,0.609118565,0.498002617,0.1069191,0.331934676
E14000908,0.518307009,0.413078797,0.081663385,0.349368183
E14000909,0.62827216,0.53957426,0.068733528,0.347738885
E14000910,0.617770189,0.509249359,0.068870821,0.375453849
E14000911,0.252756253,0.530053139,0.139111529,0.144232501
E14000912,0.580593123,0.503384916,0.070722857,0.307499418
E14000913,0.483676584,0.613699703,0.084261645,0.198268221
E14000914,0.434928611,0.69086341,0.088731683,0.234567569
E14000915,0.388136857,0.589488067,0.076634958,0.259166303
E14000916,0.330497897,0.451258286,0.073034369,0.304271817
E14000917,0.587078251,0.577882315,0.073371685,0.357254882
E14000918,0.637354055,0.538611222,0.066316319,0.331838683
E14000919,0.129811809,0.304072173,0.326836335,0.126667259
E14000920,0.314753647,0.664899271,0.081340537,0.219891001
E14000921,0.216145211,0.614393463,0.092795341,0.140860932
E14000922,0.237828832,0.359007007,0.136711581,0.308387415
E14000923,0.287070954,0.576059191,0.090054137,0.175404086
E14000924,0.515178772,0.637624516,0.076700987,0.288500822
E14000925,0.513475044,0.485142879,0.070017652,0.27882458
E14000926,0.499510335,0.53016796,0.078324315,0.284310132
E14000927,0.601510051,0.657612536,0.08382591,0.283579365
E14000928,0.62652654,0.530334506,0.064916487,0.316985366
E14000929,0.642050549,0.61532469,0.063436464,0.341572277
E14000930,0.316272217,0.541003798,0.090683934,0.245122634
E14000931,0.581253965,0.542786159,0.072902436,0.326467358
E14000932,0.567066299,0.509619902,0.065812289,0.340961827
E14000933,0.568994058,0.73078706,0.087793902,0.275277911
E14000934,0.518005668,0.384437596,0.072135656,0.36865272
E14000935,0.58723946,0.60351001,0.073289575,0.352303037
E14000936,0.561303125,0.594928107,0.079946521,0.250789546
E14000937,0.533332275,0.449884375,0.070056369,0.343796616
E14000938,0.554129716,0.549465019,0.065133491,0.292430217
E14000939,0.699175196,0.711779596,0.070276815,0.310492605
E14000940,0.613787507,0.582165414,0.076236393,0.358432344
E14000941,0.58221924,0.511065437,0.063751999,0.351496491
E14000942,0.624619219,0.526725841,0.063917393,0.408466454
E14000943,0.528504213,0.568542047,0.077168767,0.333052318
E14000944,0.259246542,0.627933151,0.092983693,0.14883905
E14000945,0.697646207,0.653394099,0.081244995,0.340534498
E14000946,0.605310224,0.541503232,0.063758828,0.332909622
E14000947,0.483879776,0.515744425,0.089315354,0.245468453
E14000948,0.507748276,0.616340766,0.079585921,0.212908988
E14000949,0.592450795,0.586108092,0.078858386,0.311964598
E14000950,0.598482699,0.552296083,0.068719392,0.333736624
E14000951,0.579163438,0.463744066,0.066205168,0.344209462
E14000952,0.627556471,0.662516675,0.078263304,0.309172218
E14000953,0.557370267,0.40607916,0.064792638,0.362144944
E14000954,0.599824661,0.576870734,0.072627187,0.309034043
E14000955,0.4654041,0.59958702,0.145058454,0.213620397
E14000956,0.341257489,0.506528365,0.163795951,0.18897781
E14000957,0.551927274,0.572462984,0.068313757,0.249461235
E14000958,0.38662524,0.455067037,0.072935683,0.236741142
E14000959,0.572523197,0.60299599,0.074928346,0.316334278
E14000960,0.431085301,0.380152969,0.067722679,0.317616291
E14000961,0.495388475,0.63507999,0.074424899,0.278249869
E14000962,0.270917128,0.582912107,0.083683872,0.258979297
E14000963,0.218129562,0.561194302,0.086948747,0.229711332
E14000964,0.43181197,0.551260072,0.067311648,0.250708778
E14000965,0.547415453,0.572184257,0.094430739,0.292514643
E14000966,0.581413056,0.645823154,0.069424558,0.317866746
E14000967,0.381397649,0.585217727,0.08441247,0.239539115
E14000968,0.502726701,0.571201914,0.087650756,0.272199149
E14000969,0.284156557,0.481558918,0.084396721,0.213628187
E14000970,0.364817112,0.665002326,0.096117697,0.211427532
E14000971,0.468452735,0.578035032,0.091396608,0.303641236
E14000972,0.397827727,0.650165631,0.137249711,0.16726934
E14000973,0.452615709,0.721233699,0.088166262,0.210964457
E14000974,0.490549292,0.708479799,0.086990027,0.236016086
E14000975,0.6318756,0.580424167,0.06650524,0.358352633
E14000976,0.545369683,0.651202149,0.076790634,0.292694636
E14000977,0.628726743,0.511654288,0.062730252,0.343542875
E14000978,0.213764674,0.224124416,0.096761295,0.076172938
E14000979,0.275228627,0.484676854,0.083443883,0.229298897
E14000980,0.459242196,0.459874941,0.068636291,0.341773048
E14000981,0.58051796,0.558157142,0.064259504,0.295995291
E14000982,0.333821019,0.546529467,0.122210542,0.167648805
E14000983,0.641935595,0.519961757,0.068810119,0.392281422
E14000984,0.511198769,0.512674333,0.071869991,0.232177434
E14000985,0.609633357,0.466764256,0.068533336,0.341239
E14000986,0.610231373,0.660041137,0.087765121,0.30638254
E14000987,0.585634009,0.4583063,0.060804157,0.361480831
E14000988,0.5286505,0.529247106,0.079419532,0.282814932
E14000989,0.487333841,0.670579494,0.089553891,0.257535826
E14000990,0.59995938,0.537790386,0.071738643,0.326484127
E14000991,0.606361596,0.477969054,0.067422061,0.345441886
E14000992,0.554308099,0.582479077,0.096684414,0.306723733
E14000993,0.600261045,0.564259516,0.065549928,0.308204096
E14000994,0.552535017,0.533283905,0.073607795,0.365834657
E14000995,0.39503229,0.702591365,0.086164036,0.252952198
E14000996,0.613525902,0.576250582,0.062935705,0.299408892
E14000997,0.636441914,0.525855051,0.066663299,0.338490805
E14000998,0.330680236,0.253201744,0.09681916,0.103491503
E14000999,0.530366983,0.626595107,0.076020261,0.218916579
E14001000,0.565097512,0.570744655,0.06578311,0.298416768
E14001001,0.53654267,0.540868698,0.06351526,0.271934025
E14001002,0.114817893,0.333957416,0.110641689,0.05950092
E14001003,0.44350098,0.46221336,0.099373943,0.282382892
E14001004,0.569204376,0.447013908,0.068278291,0.288136374
E14001005,0.380253432,0.336755609,0.075444288,0.225782478
E14001006,0.364574906,0.478410091,0.071132758,0.22334173
E14001007,0.507902514,0.563557487,0.142792219,0.249363117
E14001008,0.186711965,0.192728818,0.126112617,0.046141105
E14001009,0.449637024,0.619812937,0.081946694,0.232835021
E14001010,0.232291688,0.530015579,0.087563168,0.19769182
E14001011,0.496327195,0.718612875,0.092854556,0.193694519
E14001012,0.371982211,0.636400832,0.101430878,0.196561773
E14001013,0.140747357,0.364076031,0.096510071,0.091092728
E14001014,0.327483865,0.561907486,0.077851038,0.231611076
E14001015,0.541791139,0.46432207,0.070879734,0.358224882
E14001016,0.261677362,0.618257099,0.096734309,0.165253279
E14001017,0.366345817,0.586475817,0.09138458,0.277046096
E14001018,0.442696992,0.506201022,0.075167033,0.344879989
E14001019,0.444380723,0.411285418,0.117788758,0.288910716
E14001020,0.288337359,0.65130374,0.088897415,0.194871251
E14001021,0.45608258,0.511840428,0.082948218,0.274556366
E14001022,0.543778714,0.632098854,0.075580147,0.239510802
E14001023,0.612380921,0.525462749,0.067059938,0.355692233
E14001024,0.437397507,0.50198502,0.071348359,0.318876864
E14001025,0.574361382,0.629385766,0.07538692,0.295605205
E14001026,0.501092977,0.534930546,0.072368103,0.306249858
E14001027,0.510441464,0.525352402,0.145832147,0.278347784
E14001028,0.312740346,0.707029144,0.083974749,0.238011353
E14001029,0.382398077,0.675940263,0.091241622,0.186800253
E14001030,0.39699119,0.691356679,0.094033773,0.190952661
E14001031,0.555068962,0.509966617,0.062591661,0.289084787
E14001032,0.162037952,0.473757411,0.134505697,0.070725995
E14001033,0.373991064,0.549380395,0.102218425,0.285507733
E14001034,0.611622154,0.632605276,0.087553133,0.319953536
E14001035,0.614527811,0.525807091,0.062122237,0.340787885
E14001036,0.333110059,0.329751009,0.086023071,0.054314294
E14001037,0.443225569,0.474507406,0.059807672,0.297359815
E14001038,0.5314544,0.566609672,0.074725759,0.26594501
E14001039,0.28496908,0.627132776,0.086888239,0.230326252
E14001040,0.46473625,0.270462827,0.067285648,0.163455734
E14001041,0.520137868,0.397103212,0.100911585,0.329814297
E14001042,0.643867881,0.460850937,0.066981344,0.359482157
E14001043,0.388273039,0.455934157,0.068923553,0.301560183
E14001044,0.420946054,0.427827161,0.065136037,0.291161524
E14001045,0.643163218,0.608304675,0.073052958,0.330113203
E14001046,0.555402367,0.463446575,0.071445614,0.353761476
E14001047,0.541269956,0.440575835,0.070444885,0.332776159
E14001048,0.566359524,0.424693352,0.069238681,0.407875204
E14001049,0.402514517,0.679300212,0.101366961,0.181473397
E14001050,0.347702732,0.688406529,0.094106173,0.174889793
E14001051,0.441930761,0.535751585,0.100667742,0.234474161
E14001052,0.480932657,0.536772433,0.106907095,0.271300128
E14001053,0.417314522,0.603195409,0.071666475,0.262187012
E14001054,0.387077692,0.614288324,0.08464543,0.219801197
E14001055,0.553749335,0.561226606,0.066815168,0.237819629
E14001056,0.500364534,0.480431531,0.099009718,0.335851962
E14001057,0.582836303,0.540370478,0.071079761,0.332216906
E14001058,0.583993428,0.631454747,0.074192396,0.296219611
E14001059,0.29623086,0.498734782,0.085187504,0.190162437
E14001060,0.544895967,0.592924734,0.080790013,0.290849531
E14001061,0.301744274,0.385330382,0.17559578,0.154078883
E14001062,0.511188117,0.449163483,0.09926141,0.30201202
S14000001,0.226922763,0.430997555,0.18484958,0.145502588
S14000002,0.421324703,0.323256542,0.115186111,0.215629097
S14000003,0.231908847,0.400513075,0.088764634,0.221552291
S14000004,0.451532643,0.481327687,0.077275476,0.225867589
S14000005,0.332355572,0.394323969,0.070775582,0.241121495
S14000006,0.401324045,0.429868181,0.080550435,0.226455052
S14000007,0.479696468,0.540184018,0.081664385,0.270583996
S14000008,0.538755323,0.4320072,0.069378875,0.252936499
S14000009,0.226206272,0.494353494,0.069645985,0.240687167
S14000010,0.343868521,0.427205817,0.079894186,0.227828243
S14000011,0.162477798,0.387233257,0.087448116,0.21718823
S14000012,0.182739032,0.379089926,0.088194732,0.227903599
S14000013,0.433031648,0.453945129,0.072313113,0.242997024
S14000014,0.493770934,0.43944527,0.063995181,0.277941331
S14000015,0.273620947,0.382527563,0.088347573,0.214748784
S14000016,0.161775732,0.411509893,0.174265349,0.13215536
S14000017,0.246873162,0.400266948,0.075337171,0.264116021
S14000018,0.146001042,0.267002273,0.078645802,0.321465627
S14000019,0.253299324,0.379972179,0.083322551,0.252567823
S14000020,0.296002004,0.353955957,0.079244261,0.259526862
S14000021,0.400014887,0.256814189,0.081403052,0.317179315
S14000022,0.185671944,0.304781011,0.190014059,0.098196616
S14000023,0.272050502,0.194145478,0.111364343,0.107941629
S14000024,0.197073579,0.23614058,0.147451963,0.17896852
S14000025,0.33363029,0.26862766,0.13600911,0.148034557
S14000026,0.218941188,0.289509792,0.073493184,0.218658381
S14000027,0.164732083,0.447627994,0.063682994,0.248648219
S14000028,0.261814938,0.419914073,0.077940434,0.260974131
S14000029,0.139339707,0.28021142,0.213627448,0.063442377
S14000030,0.188464303,0.439698604,0.099151049,0.122888889
S14000031,0.147432259,0.276583158,0.212825953,0.10067436
S14000032,0.129221086,0.376691995,0.108800988,0.078226671
S14000033,0.1802595,0.299735013,0.100253837,0.117498465
S14000034,0.190931538,0.287040851,0.088182398,0.137952337
S14000035,0.156142235,0.393580178,0.09547625,0.121642143
S14000036,0.194955321,0.464624908,0.081307731,0.220655854
S14000037,0.407208718,0.445631884,0.072537044,0.346968643
S14000038,0.214846648,0.362034214,0.087095785,0.184912112
S14000039,0.30525937,0.413797489,0.074556585,0.245015458
S14000040,0.266701069,0.396082531,0.086592294,0.234197427
S14000041,0.232979023,0.416631508,0.077496674,0.221358697
S14000042,0.32054686,0.354668626,0.080379026,0.244924958
S14000043,0.290779763,0.416080522,0.082424091,0.258158663
S14000044,0.24376726,0.438133367,0.085447761,0.253288022
S14000045,0.254478387,0.379409695,0.081803647,0.246983818
S14000046,0.475517278,0.498731967,0.076735088,0.255129549
S14000047,0.202499642,0.369725268,0.08993576,0.202175444
S14000048,0.312398541,0.42290654,0.078877663,0.208547558
S14000049,0.241212759,0.381371964,0.14254522,0.266492375
S14000050,0.414802097,0.39250284,0.071270795,0.292686296
S14000051,0.086952786,0.402813083,0.076219786,0.273290978
S14000052,0.275490722,0.360949483,0.08440282,0.233554555
S14000053,0.194716149,0.341897539,0.09368923,0.176355983
S14000054,0.422765648,0.401714195,0.078440414,0.240901252
S14000055,0.248634732,0.433522127,0.061985964,0.285631833
S14000056,0.195412014,0.373417415,0.081132002,0.203643742
S14000057,0.370593241,0.322849138,0.115981695,0.282968642
S14000058,0.478527845,0.386072232,0.068040563,0.380674169
S14000059,0.171993739,0.38005553,0.091093474,0.169326725
W07000041,0.277892258,0.509420042,0.075425442,0.285578872
W07000042,0.414353848,0.5477104,0.076813188,0.312902237
W07000043,0.403932082,0.577478829,0.085958427,0.307345848
W07000044,0.436595235,0.573314184,0.092195474,0.265657952
W07000045,0.236577264,0.554835551,0.083832851,0.246503246
W07000046,0.426935229,0.501766498,0.067477094,0.310363327
W07000047,0.313287914,0.426585298,0.199769425,0.197722538
W07000048,0.259933445,0.620992238,0.088879507,0.207150428
W07000049,0.17737766,0.599654508,0.082817958,0.222058875
W07000050,0.198107365,0.303544146,0.297876205,0.198452299
W07000051,0.421110299,0.390805434,0.112240961,0.299986059
W07000052,0.101196259,0.612428866,0.090950903,0.18456784
W07000053,0.309505842,0.608801543,0.087328007,0.246910319
W07000054,0.53104516,0.478450301,0.066927018,0.316716284
W07000055,0.347664313,0.602546849,0.099753505,0.242342624
W07000056,0.392858787,0.53006771,0.091181602,0.250440432
W07000057,0.163570618,0.349074901,0.162366071,0.261113865
W07000058,0.445940902,0.533837984,0.07287069,0.249447252
W07000059,0.480666109,0.525325044,0.069832251,0.278064075
W07000060,0.440595595,0.559417007,0.082164808,0.24350365
W07000061,0.291188876,0.483668999,0.066948337,0.258516396
W07000062,0.390830976,0.602582014,0.079018275,0.286425903
W07000063,0.518041902,0.559858487,0.072610107,0.306746017
W07000064,0.183745316,0.453701374,0.163931403,0.274919207
W07000065,0.433727516,0.557690731,0.078211707,0.281885871
W07000066,0.468218633,0.553661948,0.085171584,0.27342882
W07000067,0.262692242,0.537655347,0.071362216,0.307498198
W07000068,0.485822809,0.517243179,0.066679191,0.296771469
W07000069,0.237220844,0.542076298,0.079452761,0.256693062
W07000070,0.193887177,0.569626626,0.091367908,0.212756633
W07000071,0.181040394,0.584037439,0.091664451,0.203376823
W07000072,0.147696393,0.620280444,0.092646174,0.20850868
W07000073,0.397942434,0.496508306,0.081767306,0.279789019
W07000074,0.251424578,0.5975247,0.081966336,0.25780134
W07000075,0.267082769,0.458199504,0.106626558,0.285142496
W07000076,0.252149067,0.55157605,0.083386986,0.256030717
W07000077,0.272241155,0.588666751,0.085733609,0.259213448
W07000078,0.474719833,0.52346426,0.080750616,0.288013657
W07000079,0.297540157,0.448370221,0.088874729,0.22177326
W07000080,0.301915799,0.449356872,0.097650179,0.200243236
